zoom	geonameid	name	asciiname	latitude	longitude	country code	admin1 code	population
4	4930956	Boston	Boston	42.35843	-71.05977	US	MA	589141
4	5128581	New York	New York City	40.71427	-74.00597	US	NY	8008278
4	4560349	Philadelphia	Philadelphia	39.95234	-75.16379	US	PA	1517550
4	4140963	Washington	Washington	38.89511	-77.03637	US	DC	552433
4	4180439	Atlanta	Atlanta	33.749	-84.38798	US	GA	422908
4	4164138	Miami	Miami	25.77427	-80.19366	US	FL	382894
4	4887398	Chicago	Chicago	41.85003	-87.65005	US	IL	2841952
5	5206379	Pittsburgh	Pittsburgh	40.44062	-79.99589	US	PA	319494
5	4347778	Baltimore	Baltimore	39.29038	-76.61219	US	MD	610892
5	4335045	New Orleans	New Orleans	29.95465	-90.07507	US	LA	484674
5	4641239	Memphis	Memphis	35.14953	-90.04898	US	TN	650100
5	4644585	Nashville	Nashville	36.16589	-86.78444	US	TN	530852
5	5150529	Cleveland	Cleveland	41.4995	-81.69541	US	OH	449514
5	4509177	Columbus	Columbus	39.96118	-82.99879	US	OH	736836
5	4508722	Cincinnati	Cincinnati	39.162	-84.45689	US	OH	306382
5	4990729	Detroit	Detroit	42.33143	-83.04575	US	MI	951270
5	4259418	Indianapolis	Indianapolis	39.76838	-86.15804	US	IN	773283
5	5263045	Milwaukee	Milwaukee	43.0389	-87.90647	US	WI	579180
6	5089178	Manchester	Manchester	42.99564	-71.45479	US	NH	109877
6	4951788	Springfield	Springfield	42.10148	-72.58981	US	MA	152227
6	5110629	Buffalo	Buffalo	42.88645	-78.87837	US	NY	279557
6	5134086	Rochester	Rochester	43.15478	-77.61556	US	NY	211354
6	5140405	Syracuse	Syracuse	43.04812	-76.14742	US	NY	141830
6	5106834	Albany	Albany	42.65258	-73.75623	US	NY	95658
6	5224151	Providence	Providence	41.82399	-71.41283	US	RI	177595
6	4835797	Hartford	Hartford	41.76371	-72.68509	US	CT	124019
6	5282804	Bridgeport	Bridgeport	41.16704	-73.20483	US	CT	139090
6	5101798	Newark	Newark	40.73566	-74.17237	US	NJ	280123
6	5188843	Erie	Erie	42.12922	-80.08506	US	PA	99801
6	5178127	Allentown	Allentown	40.60843	-75.49018	US	PA	105519
6	4145381	Wilmington	Wilmington	39.74595	-75.54659	US	DE	71356
6	4781708	Richmond	Richmond	37.55376	-77.46026	US	VA	190886
6	4776222	Norfolk	Norfolk	36.84681	-76.28522	US	VA	234403
6	4791259	Virginia Beach	Virginia Beach	36.85293	-75.97798	US	VA	425257
6	4487042	Raleigh	Raleigh	35.7721	-78.63861	US	NC	276093
6	4464368	Durham	Durham	35.99403	-78.89862	US	NC	204734
6	4499612	Winston-Salem	Winston-Salem	36.09986	-80.24422	US	NC	193300
6	4466033	Fayetteville	Fayetteville	35.05266	-78.87836	US	NC	124775
5	4460243	Charlotte	Charlotte	35.22709	-80.84313	US	NC	598351
6	4469146	Greensboro	Greensboro	36.07264	-79.79198	US	NC	231769
6	4575352	Columbia	Columbia	34.00071	-81.03481	US	SC	116278
6	4221552	Savannah	Savannah	32.08354	-81.09983	US	GA	131510
6	4188985	Columbus	Columbus	32.46098	-84.98771	US	GA	186470
6	4180386	Athens	Athens	33.96095	-83.37794	US	GA	45734
6	4180531	Augusta	Augusta	33.47097	-81.97484	US	GA	43459
6	4160021	Jacksonville	Jacksonville	30.33218	-81.65565	US	FL	797557
6	4167147	Orlando	Orlando	28.53834	-81.37924	US	FL	207970
6	4174715	Tallahassee	Tallahassee	30.43826	-84.28073	US	FL	153583
5	4174757	Tampa	Tampa	27.94752	-82.45843	US	FL	324465
6	4171563	St. Petersburg	Saint Petersburg	27.77086	-82.67927	US	FL	246316
6	4155966	Ft. Lauderdale	Fort Lauderdale	26.12231	-80.14338	US	FL	170510
6	4049979	Birmingham	Birmingham	33.52066	-86.80249	US	AL	231621
6	4076784	Montgomery	Montgomery	32.36681	-86.29997	US	AL	198325
6	4068590	Huntsville	Huntsville	34.73037	-86.5861	US	AL	158216
6	4076598	Mobile	Mobile	30.69436	-88.04305	US	AL	190274
6	4431410	Jackson	Jackson	32.29876	-90.18481	US	MS	176696
6	4315588	Baton Rouge	Baton Rouge	30.45075	-91.15455	US	LA	223349
6	4341513	Shreveport	Shreveport	32.52515	-93.75018	US	LA	200145
6	4330145	Lafayette	Lafayette	30.22409	-92.01984	US	LA	112197
6	4119403	Little Rock	Little Rock	34.74648	-92.28959	US	AR	184217
6	4634946	Knoxville	Knoxville	35.96064	-83.92074	US	TN	172474
6	4612862	Chattanooga	Chattanooga	35.04563	-85.30968	US	TN	155554
6	4299276	Louisville	Louisville	38.25424	-85.75941	US	KY	243639
6	4297983	Lexington	Lexington	37.98869	-84.47772	US	KY	225366
6	4801859	Charleston	Charleston	38.34982	-81.63262	US	WV	50427
6	5174035	Toledo	Toledo	41.66394	-83.55521	US	OH	306974
6	5145476	Akron	Akron	41.08144	-81.51901	US	OH	208414
6	4509884	Dayton	Dayton	39.75895	-84.19161	US	OH	159134
6	4984247	Ann Arbor	Ann Arbor	42.27756	-83.74088	US	MI	113810
6	4992982	Flint	Flint	43.01253	-83.68746	US	MI	117258
6	4994358	Grand Rapids	Grand Rapids	42.96336	-85.66809	US	MI	193852
6	4998830	Lansing	Lansing	42.73254	-84.55553	US	MI	117691
6	4920423	Fort Wayne	Fort Wayne	41.1306	-85.12886	US	IN	229715
6	4926563	South Bend	South Bend	41.68338	-86.25001	US	IN	103760
6	4257227	Evansville	Evansville	37.97476	-87.55585	US	IN	115474
6	4905687	Peoria	Peoria	40.69365	-89.58899	US	IL	112936
6	4250542	Springfield	Springfield	39.80172	-89.64371	US	IL	115975
6	4907959	Rockford	Rockford	42.27113	-89.094	US	IL	152765
6	5261457	Madison	Madison	43.07305	-89.40123	US	WI	224625
6	5254962	Green Bay	Green Bay	44.51916	-88.01983	US	WI	101012
6	5192726	Harrisburg	Harrisburg	40.2737	-76.88442	US	PA	47840
4	4699066	Houston	Houston	29.76328	-95.36327	US	TX	2027712
4	4684888	Dallas	Dallas	32.78306	-96.80667	US	TX	1211704
4	5419384	Denver	Denver	39.73915	-104.9847	US	CO	554636
4	5368361	Los Angeles	Los Angeles	34.05223	-118.24368	US	CA	3694820
4	5391959	San Francisco	San Francisco	37.76746	-122.44151	US	CA	732072
4	5809844	Seattle	Seattle	47.60621	-122.33207	US	WA	569369
5	5037649	Minneapolis	Minneapolis	44.97997	-93.26384	US	MN	367773
5	4407066	St. Louis	Saint Louis	38.62727	-90.19789	US	MO	320916
5	4393217	Kansas City	Kansas City	39.09973	-94.57857	US	MO	441545
5	4726206	San Antonio	San Antonio	29.42412	-98.49363	US	TX	1256810
6	4671654	Austin	Austin	30.26715	-97.74306	US	TX	786382
5	5308655	Phoenix	Phoenix	33.44838	-112.07404	US	AZ	1321045
5	5506956	Las Vegas	Las Vegas	36.17497	-115.13722	US	NV	478434
5	5392171	San Jose	San Jose	37.33939	-121.89496	US	CA	894943
5	5391811	San Diego	San Diego	32.71533	-117.15726	US	CA	1223400
5	5746545	Portland	Portland	45.52345	-122.67621	US	OR	540513
5	5856195	Honolulu	Honolulu	21.30694	-157.85833	US	HI	371657
6	5045360	St. Paul	Saint Paul	44.94441	-93.09327	US	MN	274792
6	4853828	Des Moines	Des Moines	41.60054	-93.60911	US	IA	193180
6	4850751	Cedar Rapids	Cedar Rapids	42.00833	-91.64407	US	IA	128056
6	4409896	Springfield	Springfield	37.21533	-93.29824	US	MO	150443
6	5520993	El Paso	El Paso	31.75872	-106.48693	US	TX	563662
6	4691930	Fort Worth	Fort Worth	32.72541	-97.32085	US	TX	618119
6	4683416	Corpus Christi	Corpus Christi	27.80058	-97.39638	US	TX	277454
6	4676740	Brownsville	Brownsville	25.90175	-97.49748	US	TX	168015
6	4739526	Waco	Waco	31.54933	-97.14667	US	TX	118967
6	4672989	Beaumont	Beaumont	30.08605	-94.10185	US	TX	111485
6	5516233	Amarillo	Amarillo	35.222	-101.8313	US	TX	181766
6	4669635	Abilene	Abilene	32.44874	-99.73314	US	TX	114247
6	5525577	Lubbock	Lubbock	33.57786	-101.85517	US	TX	211387
6	4741752	Wichita Falls	Wichita Falls	33.91371	-98.49339	US	TX	101212
6	4553433	Tulsa	Tulsa	36.15398	-95.99278	US	OK	393049
6	4544349	Oklahoma City	Oklahoma City	35.46756	-97.51643	US	OK	532950
6	4281730	Wichita	Wichita	37.69224	-97.33754	US	KS	355244
6	4280539	Topeka	Topeka	39.04833	-95.67804	US	KS	121570
6	5074472	Omaha	Omaha	41.25861	-95.93779	US	NE	390007
6	5072006	Lincoln	Lincoln	40.8	-96.66696	US	NE	242072
6	5231851	Sioux Falls	Sioux Falls	43.54997	-96.70033	US	SD	140336
6	5768233	Rapid City	Rapid City	44.08054	-103.23101	US	SD	61888
6	5059163	Fargo	Fargo	46.87719	-96.7898	US	ND	92103
6	5640350	Billings	Billings	45.78329	-108.50069	US	MT	99751
6	5656882	Helena	Helena	46.59271	-112.03611	US	MT	27340
6	5586437	Boise	Boise	43.6135	-116.20345	US	ID	145987
6	5821086	Cheyenne	Cheyenne	41.13998	-104.82025	US	WY	55443
6	5417598	Colorado Springs	Colorado Springs	38.83388	-104.82136	US	CO	360890
6	5435464	Pueblo	Pueblo	38.25445	-104.60914	US	CO	104293
6	5577147	Ft. Collins	Fort Collins	40.58526	-105.08442	US	CO	129252
6	5574991	Boulder	Boulder	40.01499	-105.27055	US	CO	91521
5	5780993	Salt Lake City	Salt Lake City	40.76078	-111.89105	US	UT	178026
5	5454711	Albuquerque	Albuquerque	35.08449	-106.65114	US	NM	487378
6	5490263	Santa Fe	Santa Fe	35.68698	-105.9378	US	NM	69205
6	5318313	Tucson	Tucson	32.22174	-110.92648	US	AZ	518907
6	5511077	Reno	Reno	39.52963	-119.8138	US	NV	202142
6	5389489	Sacramento	Sacramento	38.58157	-121.4944	US	CA	467898
6	5378538	Oakland	Oakland	37.80934	-122.24886	US	CA	399484
6	5391295	Salinas	Salinas	36.67774	-121.6555	US	CA	148691
6	5350937	Fresno	Fresno	36.74773	-119.77237	US	CA	465183
6	5325738	Bakersfield	Bakersfield	35.37329	-119.01871	US	CA	291389
6	5387877	Riverside	Riverside	33.95335	-117.39616	US	CA	297554
6	5367929	Long Beach	Long Beach	33.76696	-118.18923	US	CA	482618
6	5399020	Stockton	Stockton	37.9577	-121.29078	US	CA	289580
6	5750162	Salem	Salem	44.9429	-123.0351	US	OR	146922
6	5725846	Eugene	Eugene	44.05207	-123.08675	US	OR	145208
6	5812944	Tacoma	Tacoma	47.25288	-122.44429	US	WA	196957
6	5805687	Olympia	Olympia	47.03787	-122.9007	US	WA	44916
6	5811696	Spokane	Spokane	47.65878	-117.42605	US	WA	197262
6	5879400	Anchorage	Anchorage	61.21806	-149.90028	US	AK	260283
7	4830796	Auburn	Auburn	32.60986	-85.48078	US	AL	49833
7	4058553	Decatur	Decatur	34.60593	-86.98334	US	AL	54621
7	4059102	Dothan	Dothan	31.22323	-85.39049	US	AL	61741
7	4062577	Florence	Florence	34.79981	-87.67725	US	AL	36264
7	4063619	Gadsden	Gadsden	34.01426	-86.00664	US	AL	36821
7	4074267	Madison	Madison	34.69926	-86.74833	US	AL	37652
7	4094455	Tuscaloosa	Tuscaloosa	33.20984	-87.56917	US	AL	79816
7	5861897	Fairbanks	Fairbanks	64.83778	-147.71639	US	AK	30224
7	5554072	Juneau	Juneau	58.30194	-134.41972	US	AK	30711
7	5287565	Bullhead City	Bullhead City	35.14778	-114.5683	US	AZ	37989
7	5288636	Casa Grande	Casa Grande	32.8795	-111.75735	US	AZ	32138
7	5294810	Flagstaff	Flagstaff	35.19807	-111.65127	US	AZ	57566
7	5295985	Glendale	Glendale	33.53865	-112.18599	US	AZ	240112
7	5301388	Lake Havasu City	Lake Havasu City	34.4839	-114.32245	US	AZ	54752
7	5304391	Mesa	Mesa	33.42227	-111.82264	US	AZ	396375
7	5307540	Oro Valley	Oro Valley	32.39091	-110.96649	US	AZ	37221
7	5309842	Prescott	Prescott	34.54002	-112.4685	US	AZ	40136
7	5313457	Scottsdale	Scottsdale	33.50921	-111.89903	US	AZ	202705
7	5314328	Sierra Vista	Sierra Vista	31.55454	-110.30369	US	AZ	41378
7	5322053	Yuma	Yuma	32.72532	-114.6244	US	AZ	84316
7	4106458	Conway	Conway	35.0887	-92.4421	US	AR	51524
7	4110486	Fayetteville	Fayetteville	36.06258	-94.15743	US	AR	64864
7	4111410	Fort Smith	Fort Smith	35.38592	-94.39855	US	AR	81985
7	4115412	Hot Springs	Hot Springs	34.5037	-93.05518	US	AR	37470
7	4116315	Jacksonville	Jacksonville	34.8662	-92.11015	US	AR	30520
7	4116834	Jonesboro	Jonesboro	35.8423	-90.70428	US	AR	58619
7	4126226	Pine Bluff	Pine Bluff	34.22843	-92.0032	US	AR	53217
7	4128894	Rogers	Rogers	36.33202	-94.11854	US	AR	45524
7	5323810	Anaheim	Anaheim	33.83529	-117.9145	US	CA	328014
7	5325111	Atascadero	Atascadero	35.48942	-120.67073	US	CA	27308
7	5332698	Calexico	Calexico	32.67895	-115.49888	US	CA	36389
7	5336269	Chico	Chico	39.72849	-121.83748	US	CA	70565
7	5339111	Concord	Concord	37.97798	-122.03107	US	CA	125626
7	5341704	Davis	Davis	38.54491	-121.74052	US	CA	65806
7	5342485	Delano	Delano	35.76884	-119.24705	US	CA	44757
7	5345609	El Centro	El Centro	32.792	-115.56305	US	CA	38323
7	5346827	Escondido	Escondido	33.11921	-117.08642	US	CA	137119
7	5563397	Eureka	Eureka	40.80207	-124.16367	US	CA	25626
7	5347335	Fairfield	Fairfield	38.24936	-122.03997	US	CA	105741
7	5350734	Fremont	Fremont	37.54827	-121.98857	US	CA	202615
7	5355180	Hanford	Hanford	36.32745	-119.64568	US	CA	47648
7	5357499	Hollister	Hollister	36.85245	-121.4016	US	CA	37485
7	5359446	Indio	Indio	33.72058	-116.21556	US	CA	65955
7	5367788	Lompoc	Lompoc	34.63915	-120.45794	US	CA	40957
7	5368453	Los Banos	Los Banos	37.05828	-120.84992	US	CA	33317
7	5369568	Madera	Madera	36.96134	-120.06072	US	CA	51451
7	5372253	Merced	Merced	37.30216	-120.48297	US	CA	72619
7	5373900	Modesto	Modesto	37.6391	-120.99688	US	CA	216008
7	5374361	Monterey	Monterey	36.60024	-121.89468	US	CA	30307
7	5376095	Napa	Napa	38.29714	-122.28553	US	CA	77015
7	5378771	Oceanside	Oceanside	33.19587	-117.37948	US	CA	161029
7	5380184	Oxnard	Oxnard	34.1975	-119.17705	US	CA	170358
7	5380668	Palm Springs	Palm Springs	33.8303	-116.54529	US	CA	42807
7	5380748	Palo Alto	Palo Alto	37.44188	-122.14302	US	CA	56508
7	5384471	Porterville	Porterville	36.06523	-119.01677	US	CA	44674
7	5570160	Redding	Redding	40.58654	-122.39168	US	CA	91685
7	5391710	San Bernardino	San Bernardino	34.10834	-117.28977	US	CA	202381
7	5391791	San Clemente	San Clemente	33.42697	-117.61199	US	CA	62272
7	5392323	San Luis Obispo	San Luis Obispo	35.28275	-120.65962	US	CA	44132
7	5392952	Santa Barbara	Santa Barbara	34.42083	-119.69819	US	CA	86681
7	5393049	Santa Clarita	Santa Clarita	34.39166	-118.54259	US	CA	168927
7	5393052	Santa Cruz	Santa Cruz	36.97412	-122.0308	US	CA	56124
7	5393180	Santa Maria	Santa Maria	34.95303	-120.43572	US	CA	85480
7	5393287	Santa Rosa	Santa Rosa	38.44047	-122.71443	US	CA	155118
7	5396003	Simi Valley	Simi Valley	34.26945	-118.78148	US	CA	119417
7	5401395	Temecula	Temecula	33.49364	-117.14836	US	CA	85145
7	5403191	Tracy	Tracy	37.73965	-121.42522	US	CA	83216
7	5405380	Vallejo	Vallejo	38.10409	-122.25664	US	CA	120446
7	5405878	Ventura	Ventura	34.27834	-119.29317	US	CA	96769
7	5406222	Victorville	Victorville	34.53611	-117.29116	US	CA	83496
7	5406567	Visalia	Visalia	36.33023	-119.29206	US	CA	107431
7	5410430	Woodland	Woodland	38.67852	-121.7733	US	CA	51731
7	5411015	Yuba City	Yuba City	39.14045	-121.61691	US	CA	52432
7	5412347	Aurora	Aurora	39.72943	-104.83192	US	CO	276393
7	5423573	Grand Junction	Grand Junction	39.06387	-108.55065	US	CO	45938
7	5577592	Greeley	Greeley	40.42331	-104.70913	US	CO	86875
7	5579276	Longmont	Longmont	40.16721	-105.10193	US	CO	83291
7	5579368	Loveland	Loveland	40.39776	-105.07498	US	CO	59618
7	4839292	New Britain	New Britain	41.66121	-72.77954	US	CT	71455
7	4839366	New Haven	New Haven	41.30815	-72.92816	US	CT	124922
7	4839416	New London	New London	41.35565	-72.09952	US	CT	26294
7	4839843	Norwich	Norwich	41.52426	-72.07591	US	CT	36441
7	4844309	Torrington	Torrington	41.80065	-73.12122	US	CT	35202
7	4845193	Waterbury	Waterbury	41.55815	-73.0515	US	CT	108507
7	4142290	Dover	Dover	39.15817	-75.52437	US	DE	33286
7	4148411	Boca Raton	Boca Raton	26.35869	-80.0831	US	FL	80689
7	4148533	Bonita Springs	Bonita Springs	26.33981	-81.7787	US	FL	41840
7	4148708	Bradenton	Bradenton	27.49893	-82.57482	US	FL	54608
7	4149962	Cape Coral	Cape Coral	26.56285	-81.94953	US	FL	102286
7	4151316	Clearwater	Clearwater	27.96585	-82.8001	US	FL	108064
7	4151909	Coral Springs	Coral Springs	26.27119	-80.2706	US	FL	131674
7	4152872	Daytona Beach	Daytona Beach	29.21081	-81.02283	US	FL	64661
7	4153146	Deltona	Deltona	28.90054	-81.26367	US	FL	82008
7	4155995	Fort Myers	Fort Myers	26.62168	-81.84059	US	FL	53015
7	4156018	Fort Pierce	Fort Pierce	27.44671	-80.32561	US	FL	37723
7	4156404	Gainesville	Gainesville	29.65163	-82.32483	US	FL	125684
7	4158476	Hialeah	Hialeah	25.8576	-80.27811	US	FL	224840
7	4158928	Hollywood	Hollywood	26.0112	-80.14949	US	FL	144821
7	4159050	Homestead	Homestead	25.46872	-80.47756	US	FL	35379
7	4160812	Key West	Key West	24.5557	-81.78259	US	FL	24646
7	4160983	Kissimmee	Kissimmee	28.30468	-81.41667	US	FL	63685
7	4161438	Lakeland	Lakeland	28.03947	-81.9498	US	FL	90761
7	4163971	Melbourne	Melbourne	28.08363	-80.60811	US	FL	76326
7	4164092	Merritt Island	Merritt Island	28.53917	-80.672	US	FL	36090
7	4166673	Ocala	Ocala	29.1872	-82.14009	US	FL	49558
7	4167499	Palm Bay	Palm Bay	28.03446	-80.58866	US	FL	79413
7	4167538	Palm Coast	Palm Coast	29.58497	-81.20784	US	FL	41483
7	4167694	Panama City	Panama City	30.15881	-85.66021	US	FL	37633
7	4168228	Pensacola	Pensacola	30.42131	-87.21691	US	FL	56255
7	4169130	Port Charlotte	Port Charlotte	26.97617	-82.09064	US	FL	49333
7	4169171	Port St. Lucie	Port Saint Lucie	27.29393	-80.35033	US	FL	119371
7	4172086	Sanford	Sanford	28.80055	-81.27312	US	FL	45289
7	4172131	Sarasota	Sarasota	27.33643	-82.53065	US	FL	53327
7	4173838	Spring Hill	Spring Hill	28.47688	-82.52546	US	FL	69078
7	4175437	Titusville	Titusville	28.61222	-80.80755	US	FL	42700
7	4177887	West Palm Beach	West Palm Beach	26.71534	-80.05337	US	FL	82103
7	4178552	Winter Haven	Winter Haven	28.02224	-81.73286	US	FL	27938
7	4179320	Albany	Albany	31.57851	-84.15574	US	GA	75794
7	4190581	Dalton	Dalton	34.7698	-84.97022	US	GA	31598
7	4196586	Gainesville	Gainesville	34.29788	-83.82407	US	GA	33297
7	4200671	Hinesville	Hinesville	31.84688	-81.59595	US	GA	28066
7	4204230	Lagrange	La Grange	33.03929	-85.03133	US	GA	25998
7	4207400	Macon	Macon	32.84069	-83.6324	US	GA	94273
7	4207783	Marietta	Marietta	33.9526	-84.54993	US	GA	61360
7	4219762	Rome	Rome	34.25704	-85.16467	US	GA	35452
7	4228147	Valdosta	Valdosta	30.8327	-83.27849	US	GA	45661
7	4229476	Warner Robbins	Warner Robins	32.62098	-83.5999	US	GA	57764
7	5855927	Hilo	Hilo	19.72972	-155.09	US	HI	43050
7	5587698	Caldwell	Caldwell	43.66294	-116.68736	US	ID	34330
7	5589173	Coeur d’Alene	Coeur d'Alene	47.67768	-116.78047	US	ID	34514
7	5596475	Idaho Falls	Idaho Falls	43.46658	-112.03414	US	ID	52175
7	5598538	Lewiston	Lewiston	46.41655	-117.01766	US	ID	30904
7	5601933	Nampa	Nampa	43.54072	-116.56346	US	ID	73064
7	5604045	Pocatello	Pocatello	42.8713	-112.44553	US	ID	50656
7	5610810	Twin Falls	Twin Falls	42.56297	-114.46087	US	ID	38602
7	4883817	Aurora	Aurora	41.76058	-88.32007	US	IL	174276
7	4233813	Belleville	Belleville	38.52005	-89.98399	US	IL	40919
7	4885164	Bloomington	Bloomington	40.4842	-88.99369	US	IL	70706
7	4887158	Champaign	Champaign	40.11642	-88.24338	US	IL	75670
7	4889426	Danville	Danville	40.12448	-87.63002	US	IL	32587
7	4236895	Decatur	Decatur	39.84031	-88.9548	US	IL	77868
7	4889553	DeKalb	DeKalb	41.92947	-88.75036	US	IL	43383
7	4890864	Elgin	Elgin	42.03725	-88.28119	US	IL	98586
7	4891382	Evanston	Evanston	42.04114	-87.69006	US	IL	75311
7	4893171	Freeport	Freeport	42.29669	-89.62123	US	IL	25619
7	4893392	Galesburg	Galesburg	40.94782	-90.37124	US	IL	32094
7	4898015	Joliet	Joliet	41.52503	-88.08173	US	IL	134957
7	4898182	Kankakee	Kankakee	41.12003	-87.86115	US	IL	26623
7	4903279	Naperville	Naperville	41.78586	-88.14729	US	IL	143850
7	4905599	Pekin	Pekin	40.56754	-89.64066	US	IL	32743
7	4247703	Quincy	Quincy	39.9356	-91.40987	US	IL	39731
7	4915734	Waukegan	Waukegan	42.36363	-87.84479	US	IL	92695
7	4917592	Anderson	Anderson	40.10532	-85.68025	US	IN	57496
7	4254679	Bloomington	Bloomington	39.16532	-86.52639	US	IN	71253
7	4256038	Columbus	Columbus	39.20144	-85.92138	US	IN	39395
7	4919987	Elkhart	Elkhart	41.68199	-85.97667	US	IN	51400
7	4920607	Gary	Gary	41.59337	-87.34643	US	IN	97966
7	4920808	Goshen	Goshen	41.58227	-85.83444	US	IN	30045
7	4922388	Kokomo	Kokomo	40.48643	-86.1336	US	IN	46227
7	4922462	Lafayette	Lafayette	40.4167	-86.87529	US	IN	62231
7	4923210	Marion	Marion	40.55837	-85.65914	US	IN	30201
7	4923531	Michigan City	Michigan City	41.70754	-86.89503	US	IN	31903
7	4924006	Muncie	Muncie	40.19338	-85.38636	US	IN	65327
7	4263681	Richmond	Richmond	39.82894	-84.89024	US	IN	37631
7	4265737	Terre Haute	Terre Haute	39.4667	-87.41391	US	IN	57063
7	4846834	Ames	Ames	42.03471	-93.61994	US	IA	56606
7	4849826	Burlington	Burlington	40.80754	-91.11292	US	IA	25608
7	4852022	Clinton	Clinton	41.84447	-90.18874	US	IA	27772
7	4853423	Davenport	Davenport	41.52364	-90.57764	US	IA	100827
7	4854529	Dubuque	Dubuque	42.50056	-90.66457	US	IA	57185
7	4857486	Fort Dodge	Fort Dodge	42.49747	-94.16802	US	IA	26879
7	4862034	Iowa City	Iowa City	41.66113	-91.53017	US	IA	64170
7	4866371	Marshalltown	Marshalltown	42.04943	-92.90798	US	IA	25554
7	4866445	Mason City	Mason City	43.15357	-93.20104	US	IA	27802
7	4876523	Sioux City	Sioux City	42.49999	-96.40031	US	IA	83248
7	4880889	Waterloo	Waterloo	42.49276	-92.34296	US	IA	65836
7	5445298	Dodge City	Dodge City	37.7528	-100.01708	US	KS	25932
7	4271086	Emporia	Emporia	38.4039	-96.18166	US	KS	26545
7	5445439	Garden City	Garden City	37.97169	-100.87266	US	KS	26425
7	4273299	Hutchinson	Hutchinson	38.06084	-97.92977	US	KS	40596
7	4273837	Kansas City	Kansas City	39.11417	-94.62746	US	KS	146866
7	4274277	Lawrence	Lawrence	38.97167	-95.23525	US	KS	83314
7	4274305	Leavenworth	Leavenworth	39.31111	-94.92246	US	KS	34880
7	4274994	Manhattan	Manhattan	39.18361	-96.57167	US	KS	45629
7	4276614	Olathe	Olathe	38.8814	-94.81913	US	KS	113647
7	4276873	Overland Park	Overland Park	38.98223	-94.67079	US	KS	149080
7	4278890	Salina	Salina	38.84028	-97.61142	US	KS	45723
7	4285268	Bowling Green	Bowling Green	36.99032	-86.4436	US	KY	51558
7	4288809	Covington	Covington	39.08367	-84.50855	US	KY	43370
7	4292188	Frankfort	Frankfort	38.20091	-84.87328	US	KY	27051
7	4294494	Henderson	Henderson	37.83615	-87.59001	US	KY	27495
7	4295251	Hopkinsville	Hopkinsville	36.8656	-87.48862	US	KY	27656
7	4303436	Owensboro	Owensboro	37.77422	-87.11333	US	KY	54478
7	4048662	Paducah	Paducah	37.08339	-88.60005	US	KY	26307
7	4305974	Richmond	Richmond	37.74786	-84.29465	US	KY	30697
7	4314550	Alexandria	Alexandria	31.31129	-92.44514	US	LA	45187
7	4328010	Houma	Houma	29.59577	-90.71953	US	LA	31800
7	4330236	Lake Charles	Lake Charles	30.21309	-93.2044	US	LA	70309
7	4333669	Monroe	Monroe	32.50931	-92.1193	US	LA	51625
7	4334971	New Iberia	New Iberia	30.00354	-91.81873	US	LA	32430
7	4341727	Slidell	Slidell	30.27519	-89.78117	US	LA	27799
7	4957003	Augusta	Augusta	44.31062	-69.77949	US	ME	18560
7	4957280	Bangor	Bangor	44.80118	-68.77781	US	ME	31473
7	4969398	Lewiston	Lewiston	44.10035	-70.21478	US	ME	35690
7	4975802	Portland	Portland	43.66147	-70.25533	US	ME	63142
7	4347242	Annapolis	Annapolis	38.97845	-76.49218	US	MD	36252
7	4352053	Columbia	Columbia	39.24038	-76.83942	US	MD	96201
7	4355585	Frederick	Frederick	39.41427	-77.41054	US	MD	57297
7	4357141	Hagerstown	Hagerstown	39.64176	-77.71999	US	MD	37313
7	4367734	St. Charles	Saint Charles	38.60317	-76.93858	US	MD	36376
7	4929771	Barnstable	Barnstable	41.70011	-70.29947	US	MA	47821
7	4931429	Brockton	Brockton	42.08343	-71.01838	US	MA	94881
7	4936159	Fall River	Fall River	41.70149	-71.15505	US	MA	93000
7	4941720	Lawrence	Lawrence	42.70704	-71.16311	US	MA	72609
7	4942618	Lowell	Lowell	42.63342	-71.31617	US	MA	103469
7	4945121	New Bedford	New Bedford	41.63622	-70.9342	US	MA	94083
7	4947459	Pittsfield	Pittsfield	42.45008	-73.24538	US	MA	44174
7	4956184	Worcester	Worcester	42.26259	-71.80229	US	MA	177216
7	4985153	Battle Creek	Battle Creek	42.32115	-85.17971	US	MI	54088
7	4985180	Bay City	Bay City	43.59447	-83.88886	US	MI	34568
7	4996248	Holland	Holland	42.78752	-86.10893	US	MI	34544
7	4997384	Jackson	Jackson	42.24587	-84.40135	US	MI	34416
7	4997787	Kalamazoo	Kalamazoo	42.29171	-85.58723	US	MI	74138
7	4999837	Livonia	Livonia	42.36837	-83.35271	US	MI	98218
7	5000947	Marquette	Marquette	46.54354	-87.39542	US	MI	20831
7	5001929	Midland	Midland	43.61558	-84.24721	US	MI	42400
7	5002714	Mount Pleasant	Mount Pleasant	43.59781	-84.76751	US	MI	25281
7	5003132	Muskegon	Muskegon	43.23418	-86.24839	US	MI	40112
7	5006166	Pontiac	Pontiac	42.63892	-83.29105	US	MI	67994
7	5006233	Port Huron	Port Huron	42.97086	-82.42491	US	MI	30978
7	5007989	Saginaw	Saginaw	43.41947	-83.95081	US	MI	57536
7	5009004	Sault Ste. Marie	Sault Sainte Marie	46.4953	-84.34532	US	MI	16542
7	5014051	Warren	Warren	42.47754	-83.0277	US	MI	133517
7	5018739	Bloomington	Bloomington	44.8408	-93.29828	US	MN	81383
7	5024719	Duluth	Duluth	46.78327	-92.10658	US	MN	84800
7	5036420	Mankato	Mankato	44.16358	-93.9994	US	MN	35138
7	5043473	Rochester	Rochester	44.02163	-92.4699	US	MN	96355
7	5044407	St. Cloud	Saint Cloud	45.5608	-94.16249	US	MN	59154
7	5053156	Winona	Winona	44.04996	-91.63932	US	MN	26618
7	4418478	Biloxi	Biloxi	30.39603	-88.88531	US	MS	50644
7	4422442	Columbus	Columbus	33.49567	-88.42726	US	MS	24386
7	4428475	Greenville	Greenville	33.41012	-91.06177	US	MS	38107
7	4428667	Gulfport	Gulfport	30.36742	-89.09282	US	MS	71127
7	4429295	Hattiesburg	Hattiesburg	31.32712	-89.29034	US	MS	48123
7	4435764	Meridian	Meridian	32.36431	-88.70366	US	MS	39437
7	4440397	Pascagoula	Pascagoula	30.36576	-88.55613	US	MS	25621
7	4448903	Tupelo	Tupelo	34.25761	-88.70339	US	MS	35956
7	4449620	Vicksburg	Vicksburg	32.35265	-90.87788	US	MS	25701
7	4379966	Cape Girardeau	Cape Girardeau	37.30588	-89.51815	US	MO	35904
7	4381982	Columbia	Columbia	38.95171	-92.33407	US	MO	91415
7	4391812	Independence	Independence	39.09112	-94.41551	US	MO	113288
7	4392388	Jefferson City	Jefferson City	38.5767	-92.17352	US	MO	35883
7	4392768	Joplin	Joplin	37.08423	-94.51328	US	MO	46818
7	4406831	St. Charles	Saint Charles	38.78394	-90.48123	US	MO	62011
7	4407010	St. Joseph	Saint Joseph	39.76861	-94.84663	US	MO	71745
7	5641727	Bozeman	Bozeman	45.67965	-111.03856	US	MT	33178
7	5642934	Butte	Butte	46.00382	-112.53474	US	MT	34190
7	5655240	Great Falls	Great Falls	47.50024	-111.30081	US	MT	56075
7	5666639	Missoula	Missoula	46.87215	-113.994	US	MT	63164
7	5068725	Fremont	Fremont	41.43333	-96.49808	US	NE	25197
7	5069297	Grand Island	Grand Island	40.92501	-98.34201	US	NE	44766
7	5071348	Kearney	Kearney	40.69946	-99.08148	US	NE	28758
7	5501344	Carson City	Carson City	39.1638	-119.7674	US	NV	57341
7	5505411	Henderson	Henderson	36.0397	-114.98194	US	NV	239757
7	5084868	Concord	Concord	43.20814	-71.53757	US	NH	40687
7	5085520	Dover	Dover	43.19786	-70.87367	US	NH	29061
7	5090046	Nashua	Nashua	42.76537	-71.46757	US	NH	87039
7	5091872	Rochester	Rochester	43.30453	-70.97562	US	NH	30317
7	4500546	Atlantic City	Atlantic City	39.36428	-74.42293	US	NJ	40554
7	4501018	Camden	Camden	39.92595	-75.11962	US	NJ	80412
7	5100619	Long Branch	Long Branch	40.30428	-73.99236	US	NJ	31524
7	4503078	Millville	Millville	39.40206	-75.03934	US	NJ	27390
7	5105496	Trenton	Trenton	40.21705	-74.74294	US	NJ	84833
7	4504621	Vineland	Vineland	39.48623	-75.02573	US	NJ	56271
7	5454627	Alamogordo	Alamogordo	32.89953	-105.96026	US	NM	36058
7	5460459	Carlsbad	Carlsbad	32.42067	-104.22884	US	NM	25302
7	5462393	Clovis	Clovis	34.4048	-103.20523	US	NM	33163
7	5467328	Farmington	Farmington	36.72806	-108.21869	US	NM	43278
7	5471578	Hobbs	Hobbs	32.70261	-103.13604	US	NM	28013
7	5475352	Las Cruces	Las Cruces	32.31232	-106.77834	US	NM	80184
7	5488441	Roswell	Roswell	33.39427	-104.52302	US	NM	44069
7	5107505	Auburn	Auburn	42.93173	-76.56605	US	NY	27873
7	5109177	Binghamton	Binghamton	42.09869	-75.91797	US	NY	45480
7	5116497	Elmira	Elmira	42.0898	-76.80773	US	NY	30026
7	5122432	Ithaca	Ithaca	42.44063	-76.49661	US	NY	31159
7	5122534	Jamestown	Jamestown	42.097	-79.23533	US	NY	30077
7	5126842	Middletown	Middletown	41.44593	-74.42293	US	NY	26096
7	5128654	Newburgh	Newburgh	41.50343	-74.01042	US	NY	28476
7	5128723	Niagara Falls	Niagara Falls	43.0945	-79.05671	US	NY	53054
7	5132143	Poughkeepsie	Poughkeepsie	41.70037	-73.92097	US	NY	30345
7	5134295	Rome	Rome	43.21285	-75.45573	US	NY	34950
7	5136334	Saratoga Springs	Saratoga Springs	43.08313	-73.78457	US	NY	27989
7	5136454	Schenectady	Schenectady	42.81424	-73.93957	US	NY	60280
7	5141502	Troy	Troy	42.72841	-73.69179	US	NY	48232
7	5142056	Utica	Utica	43.1009	-75.23266	US	NY	58590
7	5143396	Watertown	Watertown	43.97478	-75.91076	US	NY	28055
7	4453066	Asheville	Asheville	35.60095	-82.55402	US	NC	68795
7	4458228	Burlington	Burlington	36.09569	-79.4378	US	NC	46921
7	4459467	Cary	Cary	35.79154	-78.78112	US	NC	103945
7	4460162	Chapel Hill	Chapel Hill	35.9132	-79.05584	US	NC	47529
7	4461574	Concord	Concord	35.40875	-80.57951	US	NC	60592
7	4467732	Gastonia	Gastonia	35.26208	-81.1873	US	NC	67869
7	4468261	Goldsboro	Goldsboro	35.38488	-77.99277	US	NC	38243
7	4469160	Greenville	Greenville	35.61266	-77.36635	US	NC	70757
7	4470778	Hickory	Hickory	35.73319	-81.3412	US	NC	40334
7	4471025	High Point	High Point	35.95569	-80.00532	US	NC	94281
7	4473083	Jacksonville	Jacksonville	34.75405	-77.43024	US	NC	68015
7	4488762	Rocky Mount	Rocky Mount	35.93821	-77.79053	US	NC	55997
7	4489985	Salisbury	Salisbury	35.67097	-80.47423	US	NC	26462
7	4499379	Wilmington	Wilmington	34.22573	-77.94471	US	NC	92424
7	4499389	Wilson	Wilson	35.72127	-77.91554	US	NC	46748
7	5688025	Bismarck	Bismarck	46.80833	-100.78374	US	ND	56706
7	5059429	Grand Forks	Grand Forks	47.92526	-97.03285	US	ND	48426
7	5690532	Minot	Minot	48.23251	-101.29627	US	ND	34885
7	5147968	Bowling Green	Bowling Green	41.37477	-83.65132	US	OH	29215
7	5149222	Canton	Canton	40.79895	-81.37845	US	OH	78160
7	5151891	Delaware	Delaware	40.29867	-83.06796	US	OH	31457
7	5153924	Findlay	Findlay	41.04422	-83.64993	US	OH	40354
7	4513575	Hamilton	Hamilton	39.3995	-84.56134	US	OH	61445
7	4516233	Lancaster	Lancaster	39.71368	-82.59933	US	OH	35883
7	5160783	Lima	Lima	40.74255	-84.10523	US	OH	39906
7	5161262	Lorain	Lorain	41.45282	-82.18237	US	OH	67920
7	5161723	Mansfield	Mansfield	40.75839	-82.51545	US	OH	50310
7	5161902	Marion	Marion	40.58867	-83.12852	US	OH	37482
7	5162645	Mentor	Mentor	41.66616	-81.33955	US	OH	49726
7	4518264	Middletown	Middletown	39.51506	-84.39828	US	OH	52834
7	5164466	Newark	Newark	40.05812	-82.40126	US	OH	46812
7	5170691	Sandusky	Sandusky	41.44894	-82.70796	US	OH	26428
7	4525353	Springfield	Springfield	39.92423	-83.80882	US	OH	64325
7	5177568	Youngstown	Youngstown	41.09978	-80.64952	US	OH	77540
7	4528923	Zanesville	Zanesville	39.94035	-82.01319	US	OH	24976
7	4529987	Bartlesville	Bartlesville	36.74731	-95.98082	US	OK	34610
7	4531405	Broken Arrow	Broken Arrow	36.0526	-95.79082	US	OK	85535
7	4535740	Edmond	Edmond	35.65283	-97.4781	US	OK	73915
7	4535961	Enid	Enid	36.39559	-97.87839	US	OK	46138
7	4540737	Lawton	Lawton	34.60869	-98.39033	US	OK	91752
7	4543338	Muskogee	Muskogee	35.74788	-95.36969	US	OK	38696
7	4543762	Norman	Norman	35.22257	-97.43948	US	OK	95694
7	4548267	Ponca City	Ponca City	36.70698	-97.08559	US	OK	25273
7	4551177	Shawnee	Shawnee	35.32729	-96.9253	US	OK	28692
7	4552215	Stillwater	Stillwater	36.11561	-97.05837	US	OK	42757
7	5710756	Albany	Albany	44.63651	-123.10593	US	OR	44757
7	5713587	Bend	Bend	44.05817	-121.31531	US	OR	65756
7	5720727	Corvallis	Corvallis	44.56457	-123.26204	US	OR	50701
7	5739936	McMinnville	McMinnville	45.21012	-123.19872	US	OR	29759
7	5740099	Medford	Medford	42.32652	-122.87559	US	OR	69638
7	5754005	Springfield	Springfield	44.04624	-123.02203	US	OR	56032
7	5178195	Altoona	Altoona	40.51868	-78.39474	US	PA	46962
7	5180225	Bethlehem	Bethlehem	40.62593	-75.37046	US	PA	73710
7	5188140	Easton	Easton	40.68843	-75.22073	US	PA	26192
7	5192726	Harrisburg	Harrisburg	40.2737	-76.88442	US	PA	47840
7	5197079	Lancaster	Lancaster	40.03788	-76.30551	US	PA	54735
7	5203127	New Castle	New Castle	41.00367	-80.34701	US	PA	24652
7	5203506	Norristown	Norristown	40.1215	-75.3399	US	PA	30735
7	5207728	Reading	Reading	40.33565	-75.92687	US	PA	79799
7	5211303	Scranton	Scranton	41.40897	-75.66241	US	PA	73206
7	5213681	State College	State College	40.7934	-77.86	US	PA	41835
7	5219488	Wilkes-Barre	Wilkes-Barre	41.24591	-75.88131	US	PA	40736
7	5219585	Williamsport	Williamsport	41.24119	-77.00108	US	PA	30706
7	4562407	York	York	39.9626	-76.72774	US	PA	39587
7	5223593	Newport	Newport	41.4901	-71.31283	US	RI	25818
7	5225507	Warwick	Warwick	41.7001	-71.41617	US	RI	88071
7	4569067	Aiken	Aiken	33.56042	-81.71955	US	SC	27237
7	4569298	Anderson	Anderson	34.50344	-82.65013	US	SC	25393
7	4574324	Charleston	Charleston	32.77657	-79.93092	US	SC	96650
7	4578737	Florence	Florence	34.19543	-79.76256	US	SC	30517
7	4580543	Greenville	Greenville	34.85262	-82.39401	US	SC	55559
7	4581833	Hilton Head Island	Hilton Head Island	32.21632	-80.75261	US	SC	34457
7	4593142	Rock Hill	Rock Hill	34.92487	-81.02508	US	SC	59766
7	4597200	Spartanburg	Spartanburg	34.94957	-81.93205	US	SC	37992
7	4597919	Summerville	Summerville	33.0185	-80.17565	US	SC	34958
7	5767918	Pierre	Pierre	44.36832	-100.35097	US	SD	13879
7	4613868	Clarksville	Clarksville	36.52977	-87.35945	US	TN	111694
7	4614088	Cleveland	Cleveland	35.15952	-84.87661	US	TN	37443
7	4614867	Columbia	Columbia	35.61507	-87.03528	US	TN	33641
7	4623560	Franklin	Franklin	35.92506	-86.86889	US	TN	49706
7	4628735	Hendersonville	Hendersonville	36.30477	-86.62	US	TN	44598
7	4632595	Jackson	Jackson	35.61452	-88.81395	US	TN	62080
7	4633419	Johnson City	Johnson City	36.31344	-82.35347	US	TN	58603
7	4634662	Kingsport	Kingsport	36.54843	-82.56182	US	TN	43952
7	4642938	Morristown	Morristown	36.21398	-83.29489	US	TN	25204
7	4644312	Murfreesboro	Murfreesboro	35.84562	-86.39027	US	TN	84700
7	4646571	Oak Ridge	Oak Ridge	36.01036	-84.26964	US	TN	27387
7	4671240	Arlington	Arlington	32.73569	-97.10807	US	TX	332969
7	4672731	Baytown	Baytown	29.7355	-94.97743	US	TX	67341
7	5517061	Big Spring	Big Spring	32.2504	-101.47874	US	TX	24122
7	4677008	Bryan	Bryan	30.67436	-96.36996	US	TX	69621
7	4682464	College Station	College Station	30.62798	-96.33441	US	TX	78533
7	4682991	Conroe	Conroe	30.31188	-95.45605	US	TX	41643
7	5520076	Del Rio	Del Rio	29.36273	-100.89676	US	TX	36068
7	4685907	Denton	Denton	33.21484	-97.13307	US	TX	100975
7	4692883	Galveston	Galveston	29.30135	-94.7977	US	TX	56420
7	4693342	Georgetown	Georgetown	30.63269	-97.67723	US	TX	38895
7	4696233	Harlingen	Harlingen	26.19063	-97.6961	US	TX	63159
7	4699540	Huntsville	Huntsville	30.72353	-95.55078	US	TX	35590
7	4703223	Killeen	Killeen	31.11712	-97.7278	US	TX	103009
7	4703384	Kingsville	Kingsville	27.51587	-97.85611	US	TX	25264
7	4704628	Lake Jackson	Lake Jackson	29.03386	-95.43439	US	TX	27127
7	4705349	Laredo	Laredo	27.50641	-99.50754	US	TX	210769
7	4705692	League City	League City	29.50745	-95.09493	US	TX	61894
7	4707814	Longview	Longview	32.5007	-94.74049	US	TX	75920
7	4708308	Lufkin	Lufkin	31.33824	-94.7291	US	TX	33667
7	4709796	McAllen	McAllen	26.20341	-98.23001	US	TX	122578
7	5526337	Midland	Midland	31.99735	-102.07791	US	TX	97782
7	4713735	Nacogdoches	Nacogdoches	31.60351	-94.65549	US	TX	30691
7	4714131	New Braunfels	New Braunfels	29.703	-98.12445	US	TX	45840
7	5527554	Odessa	Odessa	31.84568	-102.36764	US	TX	91256
7	4717560	Paris	Paris	33.66094	-95.55551	US	TX	27022
7	4717782	Pasadena	Pasadena	29.69106	-95.2091	US	TX	144696
7	4719457	Plano	Plano	33.01984	-96.69889	US	TX	253372
7	4720039	Port Arthur	Port Arthur	29.89883	-93.92878	US	TX	56945
7	4724129	Round Rock	Round Rock	30.50826	-97.6789	US	TX	88653
7	5530022	San Angelo	San Angelo	31.46377	-100.43704	US	TX	88256
7	4726491	San Marcos	San Marcos	29.88327	-97.94139	US	TX	46736
7	4728328	Sherman	Sherman	33.63566	-96.60888	US	TX	37108
7	4734825	Sugar Land	Sugar Land	29.61968	-95.63495	US	TX	75777
7	4735966	Temple	Temple	31.09823	-97.34278	US	TX	55703
7	4736096	Texarkana	Texarkana	33.42512	-94.04769	US	TX	35315
7	4738214	Tyler	Tyler	32.35126	-95.30106	US	TX	90878
7	4739157	Victoria	Victoria	28.80527	-97.0036	US	TX	62044
7	5777107	Layton	Layton	41.06022	-111.97105	US	UT	62308
7	5777544	Logan	Logan	41.73549	-111.83439	US	UT	44838
7	5779206	Ogden	Ogden	41.223	-111.97383	US	UT	78324
7	5779334	Orem	Orem	40.2969	-111.69465	US	UT	93060
7	5780026	Provo	Provo	40.23384	-111.65853	US	UT	105764
7	5546220	St. George	Saint George	37.10415	-113.58412	US	UT	61338
7	5784607	West Valley	West Valley City	40.69161	-112.00105	US	UT	113112
7	5234372	Burlington	Burlington	44.47588	-73.21207	US	VT	38601
7	4744709	Arlington	Arlington	38.88101	-77.10428	US	VA	185360
7	4747845	Blacksburg	Blacksburg	37.22957	-80.41394	US	VA	40183
7	4752031	Charlottesville	Charlottesville	38.02931	-78.47668	US	VA	34703
7	4752186	Chesapeake	Chesapeake	36.81904	-76.27494	US	VA	199184
7	4755280	Danville	Danville	36.58597	-79.39502	US	VA	45894
7	4762894	Hampton	Hampton	37.02987	-76.34522	US	VA	146437
7	4763231	Harrisonburg	Harrisonburg	38.44957	-78.86892	US	VA	41725
7	4771075	Lynchburg	Lynchburg	37.41375	-79.14225	US	VA	65269
7	4776024	Newport News	Newport News	36.97876	-76.428	US	VA	180150
7	4778626	Petersburg	Petersburg	37.22793	-77.40193	US	VA	33740
7	4779999	Portsmouth	Portsmouth	36.83543	-76.29827	US	VA	100565
7	4782167	Roanoke	Roanoke	37.27097	-79.94143	US	VA	91168
7	5786882	Bellevue	Bellevue	47.61038	-122.20068	US	WA	111927
7	5786899	Bellingham	Bellingham	48.75955	-122.48822	US	WA	73469
7	5788054	Bremerton	Bremerton	47.56732	-122.63264	US	WA	37259
7	5793933	Everett	Everett	47.97898	-122.20208	US	WA	96993
7	5799610	Kennewick	Kennewick	46.21125	-119.13723	US	WA	62158
7	5801617	Longview	Longview	46.13817	-122.93817	US	WA	36349
7	5804127	Mount Vernon	Mount Vernon	48.42122	-122.33405	US	WA	29312
7	5806298	Pasco	Pasco	46.23958	-119.10057	US	WA	43390
7	5808276	Richland	Richland	46.28569	-119.28446	US	WA	44869
7	5814616	Vancouver	Vancouver	45.63873	-122.66149	US	WA	157517
7	5814916	Walla Walla	Walla Walla	46.06458	-118.34302	US	WA	30578
7	5815342	Wenatchee	Wenatchee	47.42346	-120.31035	US	WA	29159
7	5816605	Yakima	Yakima	46.60207	-120.5059	US	WA	88405
7	4809537	Huntington	Huntington	38.41925	-82.44515	US	WV	48518
7	4815352	Morgantown	Morgantown	39.62953	-79.9559	US	WV	28957
7	4817641	Parkersburg	Parkersburg	39.26674	-81.56151	US	WV	31564
7	5280854	Wheeling	Wheeling	40.06396	-80.72091	US	WV	29388
7	5244080	Appleton	Appleton	44.26193	-88.41538	US	WI	70112
7	5245387	Beloit	Beloit	42.50835	-89.03178	US	WI	35210
7	5251436	Eau Claire	Eau Claire	44.81135	-91.49849	US	WI	62852
7	5253352	Fond du Lac	Fond du Lac	43.775	-88.43883	US	WI	41860
7	5257754	Janesville	Janesville	42.68279	-89.01872	US	WI	61675
7	5258393	Kenosha	Kenosha	42.58474	-87.82119	US	WI	93982
7	5258957	La Crosse	La Crosse	43.80136	-91.23958	US	WI	51818
7	5261585	Manitowoc	Manitowoc	44.08861	-87.65758	US	WI	33939
7	5265838	Oshkosh	Oshkosh	44.02471	-88.54261	US	WI	63017
7	5268249	Racine	Racine	42.72613	-87.78285	US	WI	79263
7	5272893	Sheboygan	Sheboygan	43.75083	-87.71453	US	WI	48591
7	5278120	Wausau	Wausau	44.95914	-89.63012	US	WI	36779
7	5278422	West Bend	West Bend	43.42528	-88.18343	US	WI	29431
7	5820705	Casper	Casper	42.86663	-106.31308	US	WY	51507
7	5830062	Laramie	Laramie	41.31137	-105.5911	US	WY	26934
8	4830198	Anniston	Anniston	33.65983	-85.83163	US	AL	23423
8	4048023	Bessemer	Bessemer	33.40178	-86.95444	US	AL	28628
8	4057835	Cullman	Cullman	34.17482	-86.84361	US	AL	14796
8	4060791	Enterprise	Enterprise	31.31517	-85.85522	US	AL	22572
8	4067994	Hoover	Hoover	33.40539	-86.81138	US	AL	66752
8	4069659	Jasper	Jasper	33.83122	-87.27751	US	AL	13831
8	4081644	Opelika	Opelika	32.64541	-85.37828	US	AL	23625
8	4089114	Selma	Selma	32.40736	-87.0211	US	AL	18980
8	4092788	Talladega	Talladega	33.43594	-86.1058	US	AL	19408
8	5554428	Ketchikan	Ketchikan	55.34222	-131.64611	US	AK	7172
8	5293083	Douglas	Douglas	31.34455	-109.54534	US	AZ	16692
8	5306611	Nogales	Nogales	31.34038	-110.93425	US	AZ	20707
8	4100525	Batesville	Batesville	35.7698	-91.64097	US	AR	9438
8	4102412	Blytheville	Blytheville	35.9273	-89.91898	US	AR	16315
8	4104182	Camden	Camden	33.58456	-92.83433	US	AR	12218
8	4109785	El Dorado	El Dorado	33.20763	-92.66627	US	AR	20353
8	4113956	Harrison	Harrison	36.22979	-93.10768	US	AR	12468
8	4120323	Magnolia	Magnolia	33.26707	-93.23933	US	AR	10300
8	4124112	North Little Rock	North Little Rock	34.76954	-92.26709	US	AR	59078
8	4125388	Paragould	Paragould	36.0584	-90.49733	US	AR	23450
8	4129397	Russellville	Russellville	35.27842	-93.13379	US	AR	24972
8	4130430	Searcy	Searcy	35.25064	-91.73625	US	AR	20154
8	4132093	Springdale	Springdale	36.18674	-94.12881	US	AR	56402
8	5324363	Apple Valley	Apple Valley	34.50083	-117.18588	US	CA	64271
8	5326297	Barstow	Barstow	34.89859	-117.02282	US	CA	21119
8	5327684	Berkeley	Berkeley	37.87159	-122.27275	US	CA	100158
8	5336899	Chula Vista	Chula Vista	32.64005	-117.0842	US	CA	213032
8	5337561	Citrus Heights	Citrus Heights	38.70712	-121.28106	US	CA	89430
8	5338122	Clovis	Clovis	36.82523	-119.70292	US	CA	86324
8	5355933	Hayward	Hayward	37.66882	-122.0808	US	CA	140494
8	5356277	Hemet	Hemet	33.74752	-116.97197	US	CA	69039
8	5356576	Hesperia	Hesperia	34.42639	-117.30088	US	CA	73640
8	5367565	Lodi	Lodi	38.1302	-121.27245	US	CA	62778
8	5374732	Moreno Valley	Moreno Valley	33.93752	-117.23059	US	CA	168629
8	5379759	Oroville	Oroville	39.51378	-121.55636	US	CA	13197
8	5380698	Palmdale	Palmdale	34.57943	-118.11646	US	CA	135294
8	5381002	Paradise	Paradise	39.75961	-121.62192	US	CA	26949
8	5382232	Petaluma	Petaluma	38.23242	-122.63665	US	CA	55352
8	5388881	Roseville	Roseville	38.75212	-121.28801	US	CA	112647
8	5397664	South Lake Tahoe	South Lake Tahoe	38.93324	-119.98435	US	CA	23925
8	5400075	Sunnyvale	Sunnyvale	37.36883	-122.03635	US	CA	126499
8	5403783	Tulare	Tulare	36.20773	-119.34734	US	CA	50103
8	5404024	Turlock	Turlock	37.49466	-120.84659	US	CA	67940
8	5404476	Ukiah	Ukiah	39.15017	-123.20778	US	CA	15825
8	5405228	Vacaville	Vacaville	38.35658	-121.98774	US	CA	96469
8	5407529	Watsonville	Watsonville	36.91023	-121.75689	US	CA	45724
8	5420241	Durango	Durango	37.27528	-107.88007	US	CO	15022
8	5427946	Lakewood	Lakewood	39.70471	-105.08137	US	CO	140772
8	5582392	Sterling	Sterling	40.62554	-103.20771	US	CO	12682
8	4832353	Danbury	Danbury	41.39482	-73.45401	US	CT	78565
8	4838524	Meriden	Meriden	41.53815	-72.80704	US	CT	59395
8	4843564	Stamford	Stamford	41.05343	-73.53873	US	CT	117083
8	4143861	Newark	Newark	39.68372	-75.74966	US	DE	30238
8	4156042	Fort Walton Beach	Fort Walton Beach	30.40576	-86.61884	US	FL	19731
8	4161187	Lake City	Lake City	30.18968	-82.63929	US	FL	10924
8	4161771	Leesburg	Leesburg	28.81082	-81.87786	US	FL	18284
8	4164143	Miami Beach	Miami Beach	25.79065	-80.13005	US	FL	89326
8	4165565	Naples	Naples	26.14204	-81.79481	US	FL	21498
8	4167178	Ormond Beach	Ormond Beach	29.28581	-81.05589	US	FL	38455
8	4167482	Palatka	Palatka	29.64858	-81.63758	US	FL	10737
8	4170894	St. Augustine	Saint Augustine	29.89469	-81.31452	US	FL	12097
8	4174201	Stuart	Stuart	27.19755	-80.25283	US	FL	15112
8	4176380	Venice	Venice	27.09978	-82.45426	US	FL	20457
8	4176409	Vero Beach	Vero Beach	27.63864	-80.39727	US	FL	17262
8	4184845	Brunswick	Brunswick	31.14995	-81.49149	US	GA	16486
8	4186416	Carrollton	Carrollton	33.58011	-85.07661	US	GA	21353
8	4186531	Cartersville	Cartersville	34.1651	-84.79994	US	GA	17703
8	4192205	Dublin	Dublin	32.54044	-82.90375	US	GA	15894
8	4198322	Griffin	Griffin	33.24678	-84.26409	US	GA	23820
8	4209448	Milledgeville	Milledgeville	33.08014	-83.2321	US	GA	19682
8	4210397	Moultrie	Moultrie	31.17991	-83.78906	US	GA	14644
8	4219934	Roswell	Roswell	34.02316	-84.36159	US	GA	77218
8	4224413	Statesboro	Statesboro	32.44879	-81.78317	US	GA	24558
8	4226348	Thomasville	Thomasville	30.83658	-83.97878	US	GA	18528
8	4226552	Tifton	Tifton	31.45046	-83.5085	US	GA	15902
8	4229763	Waycross	Waycross	31.21355	-82.35402	US	GA	15067
8	5847411	Kahului	Kahului	20.89472	-156.47	US	HI	22315
8	5849996	Lahaina	Lahaina	20.87833	-156.6825	US	HI	9319
8	5850248	Lihue	Lihue	21.97886	-159.36719	US	HI	5853
8	5854496	Wailuku	Wailuku	20.89111	-156.50472	US	HI	13391
8	5601538	Moscow	Moscow	46.73239	-117.00017	US	ID	21865
8	4232679	Alton	Alton	38.8906	-90.18428	US	IL	30496
8	4831990	Canton	Canton	40.55809	-90.03512	US	IL	14802
8	4235587	Centralia	Centralia	38.52505	-89.1334	US	IL	13426
8	4237727	Effingham	Effingham	39.12004	-88.54338	US	IL	12616
8	4241704	Jacksonville	Jacksonville	39.73394	-90.22901	US	IL	19479
8	4900817	Macomb	Macomb	40.45921	-90.6718	US	IL	19234
8	4243899	Marion	Marion	37.73061	-88.93313	US	IL	17265
8	4244099	Mattoon	Mattoon	39.48309	-88.37283	US	IL	17711
8	4902476	Moline	Moline	41.5067	-90.51513	US	IL	42668
8	4245152	Mount Vernon	Mount Vernon	38.31727	-88.90312	US	IL	16505
8	4903780	Normal	Normal	40.5142	-88.99063	US	IL	51331
8	4246382	Olney	Olney	38.73088	-88.08532	US	IL	8501
8	4905006	Ottawa	Ottawa	41.34559	-88.84258	US	IL	18897
8	4905770	Peru	Peru	41.32753	-89.12897	US	IL	9829
8	4907907	Rock Island	Rock Island	41.50948	-90.57875	US	IL	38383
8	4912499	Sterling	Sterling	41.78864	-89.69622	US	IL	15106
8	4912698	Streator	Streator	41.12087	-88.83535	US	IL	13960
8	4914570	Urbana	Urbana	40.11059	-88.20727	US	IL	39511
8	4254282	Bedford	Bedford	38.86116	-86.48721	US	IN	13289
8	4919381	Crawfordsville	Crawfordsville	40.04115	-86.87445	US	IN	15066
8	4921100	Hammond	Hammond	41.58337	-87.50004	US	IN	78883
8	4259640	Jasper	Jasper	38.39144	-86.93111	US	IN	13850
8	4922968	Logansport	Logansport	40.75448	-86.35667	US	IN	19064
8	4260853	Madison	Madison	38.73589	-85.37996	US	IN	12004
8	4262045	New Albany	New Albany	38.28562	-85.82413	US	IN	36138
8	4262072	New Castle	New Castle	39.92894	-85.37025	US	IN	18812
8	4264688	Shelbyville	Shelbyville	39.52144	-85.77692	US	IN	17815
8	4266307	Vincennes	Vincennes	38.67727	-87.52863	US	IN	18257
8	4927854	Warsaw	Warsaw	41.2381	-85.85305	US	IN	13003
8	4266586	Washington	Washington	38.65922	-87.17279	US	IN	11271
8	4850699	Cedar Falls	Cedar Falls	42.52776	-92.44547	US	IA	36258
8	4852832	Council Bluffs	Council Bluffs	41.26194	-95.86083	US	IA	58764
8	4868404	Muscatine	Muscatine	41.42447	-91.04321	US	IA	22529
8	4870380	Ottumwa	Ottumwa	41.02001	-92.4113	US	IA	24593
8	4881346	West Des Moines	West Des Moines	41.57199	-93.74531	US	IA	55279
8	4269789	Coffeyville	Coffeyville	37.0373	-95.61637	US	KS	10150
8	4272340	Great Bend	Great Bend	38.36446	-98.76481	US	KS	14654
8	4272782	Hays	Hays	38.87918	-99.32677	US	KS	19883
8	4273680	Junction City	Junction City	39.02861	-96.8314	US	KS	17215
8	5445820	Liberal	Liberal	37.04308	-100.921	US	KS	20182
8	4277011	Parsons	Parsons	37.34034	-95.26108	US	KS	11227
8	4277241	Pittsburg	Pittsburg	37.41088	-94.70496	US	KS	19476
8	4288656	Corbin	Corbin	36.9487	-84.09688	US	KY	7996
8	4289445	Danville	Danville	37.64563	-84.77217	US	KY	15164
8	4290988	Elizabethtown	Elizabethtown	37.69395	-85.85913	US	KY	23636
8	4292826	Glasgow	Glasgow	36.99588	-85.91192	US	KY	13972
8	4299670	Madisonville	Madisonville	37.3281	-87.49889	US	KY	19423
8	4300105	Mayfield	Mayfield	36.74172	-88.63672	US	KY	10153
8	4300152	Maysville	Maysville	38.64119	-83.74436	US	KY	8923
8	4300717	Middlesboro	Middlesboro	36.60842	-83.71658	US	KY	10730
8	4302035	Murray	Murray	36.61033	-88.31476	US	KY	15626
8	4304232	Pikeville	Pikeville	37.47927	-82.51876	US	KY	6217
8	4308922	Somerset	Somerset	37.09202	-84.60411	US	KY	12142
8	4317639	Bossier City	Bossier City	32.51599	-93.73212	US	LA	59580
8	4326868	Hammond	Hammond	30.50436	-90.4612	US	LA	17812
8	4333811	Morgan City	Morgan City	29.69937	-91.20677	US	LA	12162
8	4336153	Opelousas	Opelousas	30.53353	-92.08151	US	LA	22835
8	4339348	Ruston	Ruston	32.52321	-92.63793	US	LA	20686
8	4343429	Thibodaux	Thibodaux	29.79576	-90.82287	US	LA	14410
8	4956976	Auburn	Auburn	44.09785	-70.23117	US	ME	23488
8	4958141	Biddeford	Biddeford	43.49258	-70.45338	US	ME	21885
8	4959473	Brunswick	Brunswick	43.91452	-69.96533	US	ME	24206
8	4975966	Presque Isle	Presque Isle	46.68115	-68.01586	US	ME	9466
8	4982236	Waterville	Waterville	44.55201	-69.63171	US	ME	15906
8	4352681	Cumberland	Cumberland	39.65287	-78.76252	US	MD	20347
8	4353962	Easton	Easton	38.77428	-76.07633	US	MD	13094
8	4368711	Salisbury	Salisbury	38.36067	-75.59937	US	MD	26352
8	4931972	Cambridge	Cambridge	42.3751	-71.10561	US	MA	101382
8	4936174	Falmouth	Falmouth	41.5515	-70.61475	US	MA	59431
8	4936812	Fitchburg	Fitchburg	42.58342	-71.8023	US	MA	40363
8	4938378	Greenfield	Greenfield	42.58759	-72.59953	US	MA	19753
8	4939783	Holyoke	Holyoke	42.20426	-72.6162	US	MA	40141
8	4940190	Hyannis	Hyannis	41.65289	-70.2828	US	MA	14120
8	4941873	Leominster	Leominster	42.52509	-71.75979	US	MA	42301
8	4945486	North Adams	North Adams	42.70092	-73.10871	US	MA	14106
8	4983811	Adrian	Adrian	41.89755	-84.03717	US	MI	22704
8	4984075	Alpena	Alpena	45.06168	-83.43275	US	MI	10718
8	4985711	Benton Harbor	Benton Harbor	42.11671	-86.45419	US	MI	10893
8	4987617	Cadillac	Cadillac	44.25195	-85.40116	US	MI	10258
8	4990510	Dearborn	Dearborn	42.32226	-83.17631	US	MI	95170
8	4991640	East Lansing	East Lansing	42.73698	-84.48387	US	MI	48371
8	4992232	Escanaba	Escanaba	45.74525	-87.06458	US	MI	12622
8	4994325	Grand Haven	Grand Haven	43.06307	-86.22839	US	MI	10644
8	4996572	Houghton	Houghton	47.12187	-88.56901	US	MI	7160
8	4997232	Iron Mountain	Iron Mountain	45.82023	-88.06596	US	MI	7839
8	4997249	Ironwood	Ironwood	46.45467	-90.17101	US	MI	5736
8	5001669	Menominee	Menominee	45.10776	-87.61427	US	MI	8661
8	5002344	Monroe	Monroe	41.91643	-83.39771	US	MI	21076
8	5004792	Owosso	Owosso	42.9978	-84.17664	US	MI	15373
8	5005484	Petoskey	Petoskey	45.37334	-84.95533	US	MI	6181
8	5006250	Portage	Portage	42.20115	-85.58	US	MI	46403
8	5012495	Traverse City	Traverse City	44.76306	-85.62063	US	MI	14425
8	5015618	Wyoming	Wyoming	42.91336	-85.70531	US	MI	70308
8	5016024	Albert Lea	Albert Lea	43.64801	-93.36827	US	MN	17605
8	5016884	Austin	Austin	43.66663	-92.97464	US	MN	23451
8	5017822	Bemidji	Bemidji	47.47356	-94.88028	US	MN	13331
8	5019116	Brainerd	Brainerd	46.35802	-94.20083	US	MN	14218
8	5026114	Fairmont	Fairmont	43.65218	-94.46108	US	MN	10576
8	5026416	Fergus Falls	Fergus Falls	46.28302	-96.07756	US	MN	14364
8	5030005	Hibbing	Hibbing	47.42715	-92.93769	US	MN	16638
8	5036727	Marshalltown	Marshall	44.4469	-95.78835	US	MN	12348
8	5040647	Owatonna	Owatonna	44.08385	-93.22604	US	MN	23955
8	5051468	Virginia	Virginia	47.52326	-92.53657	US	MN	8709
8	5052916	Willmar	Willmar	45.12191	-95.04334	US	MN	18473
8	5053460	Worthington	Worthington	43.61996	-95.5964	US	MN	11274
8	4419500	Brookhaven	Brookhaven	31.57906	-90.44065	US	MS	9786
8	4421935	Clarksdale	Clarksdale	34.20011	-90.57093	US	MS	19143
8	4422713	Corinth	Corinth	34.93425	-88.52227	US	MS	14168
8	4428495	Greenwood	Greenwood	33.51623	-90.17953	US	MS	17162
8	4433039	Laurel	Laurel	31.69405	-89.13061	US	MS	17891
8	4435318	McComb	McComb	31.24379	-90.45315	US	MS	13017
8	4437982	Natchez	Natchez	31.56044	-91.40317	US	MS	17118
8	4446675	Southaven	Southaven	34.98898	-90.01259	US	MS	38578
8	4447161	Starkville	Starkville	33.4504	-88.81839	US	MS	22820
8	4389418	Hannibal	Hannibal	39.70838	-91.35848	US	MO	17568
8	5055787	Kirksville	Kirksville	40.19475	-92.58325	US	MO	16973
8	4394870	Lee’s Summit	Lees Summit	38.91084	-94.38217	US	MO	70700
8	4398103	Mexico	Mexico	39.16976	-91.88295	US	MO	10788
8	4398730	Moberly	Moberly	39.41837	-92.43824	US	MO	13849
8	4404233	Poplar Bluff	Poplar Bluff	36.757	-90.39289	US	MO	16488
8	4406282	Rolla	Rolla	37.95143	-91.77127	US	MO	17865
8	4408000	Sedalia	Sedalia	38.70446	-93.22826	US	MO	19772
8	4408672	Sikeston	Sikeston	36.87672	-89.58786	US	MO	17026
8	4414200	West Plains	West Plains	36.72812	-91.85237	US	MO	11050
8	5656497	Havre	Havre	48.55	-109.68409	US	MT	9379
8	5660340	Kalispell	Kalispell	48.19579	-114.31291	US	MT	18018
8	5063646	Beatrice	Beatrice	40.26806	-96.74697	US	NE	13198
8	5063805	Bellevue	Bellevue	41.13667	-95.89084	US	NE	48099
8	5066001	Columbus	Columbus	41.42973	-97.36838	US	NE	20823
8	5069802	Hastings	Hastings	40.58612	-98.38839	US	NE	23001
8	5697383	McCook	McCook	40.20195	-100.62571	US	NE	7994
8	5073965	Norfolk	Norfolk	42.02834	-97.417	US	NE	24094
8	5697939	North Platte	North Platte	41.12389	-100.76542	US	NE	24172
8	5699404	Scottsbluff	Scottsbluff	41.86663	-103.66717	US	NE	14869
8	5512862	Sparks	Sparks	39.53491	-119.75269	US	NV	84662
8	5084633	Claremont	Claremont	43.37674	-72.34676	US	NH	13562
8	5088262	Keene	Keene	42.93369	-72.27814	US	NH	22891
8	5088438	Laconia	Laconia	43.52785	-71.47035	US	NH	17533
8	5088597	Lebanon	Lebanon	43.64229	-72.25176	US	NH	12853
8	5097529	Edison	Edison	40.51872	-74.4121	US	NJ	102548
8	5099836	Jersey City	Jersey City	40.72816	-74.07764	US	NJ	237681
8	5102466	Paterson	Paterson	40.91677	-74.17181	US	NJ	151205
8	5102922	Princeton	Princeton	40.34872	-74.65905	US	NJ	12945
8	4504856	Wildwood	Wildwood	38.99178	-74.81489	US	NJ	5161
8	5468773	Gallup	Gallup	35.52808	-108.74258	US	NM	19454
8	5108093	Batavia	Batavia	42.99812	-78.18752	US	NY	15831
8	5110077	Brentwood	Brentwood	40.78121	-73.24623	US	NY	58107
8	5113760	Corning	Corning	42.14285	-77.05469	US	NY	10451
8	5113790	Cortland	Cortland	42.60118	-76.18048	US	NY	18017
8	5115495	Dunkirk	Dunkirk	42.4795	-79.33393	US	NY	13131
8	5118398	Geneva	Geneva	42.86896	-76.97774	US	NY	13429
8	5118693	Glens Falls	Glens Falls	43.30952	-73.64401	US	NY	14169
8	5118743	Gloversville	Gloversville	43.05285	-74.34375	US	NY	15120
8	5120478	Hempstead	Hempstead	40.70621	-73.61874	US	NY	52837
8	5121283	Hornell	Hornell	42.32785	-77.6611	US	NY	8657
8	5123477	Kingston	Kingston	41.92704	-73.99736	US	NY	23174
8	5129780	Olean	Olean	42.07756	-78.42974	US	NY	14823
8	5129852	Oneonta	Oneonta	42.45286	-75.06377	US	NY	12328
8	5130081	Oswego	Oswego	43.45535	-76.5105	US	NY	18434
8	5131692	Plattsburgh	Plattsburgh	44.69949	-73.45291	US	NY	19229
8	5133926	Riverhead	Riverhead	40.91704	-72.66204	US	NY	11332
8	5145215	Yonkers	Yonkers	40.93121	-73.89875	US	NY	197818
8	4453035	Asheboro	Asheboro	35.70791	-79.81364	US	NC	23443
8	4461101	Clinton	Clinton	34.99795	-78.32333	US	NC	8600
8	4464326	Dunn	Dunn	35.30627	-78.6089	US	NC	10015
8	4465088	Elizabeth City	Elizabeth City	36.2946	-76.25105	US	NC	18015
8	4466720	Forest City	Forest City	35.33401	-81.8651	US	NC	7222
8	4470566	Henderson	Henderson	36.32959	-78.39916	US	NC	16134
8	4470592	Hendersonville	Hendersonville	35.31873	-82.46095	US	NC	11678
8	4474436	Kinston	Kinston	35.26266	-77.58164	US	NC	22475
8	4475640	Lenoir	Lenoir	35.91402	-81.53898	US	NC	17806
8	4475773	Lexington	Lexington	35.82403	-80.25338	US	NC	20784
8	4477525	Lumberton	Lumberton	34.61822	-79.00864	US	NC	21314
8	4479946	Monroe	Monroe	34.98543	-80.54951	US	NC	29681
8	4480219	Morganton	Morganton	35.74541	-81.68482	US	NC	17191
8	4480378	Mount Airy	Mount Airy	36.4993	-80.60729	US	NC	8327
8	4481682	New Bern	New Bern	35.10849	-77.04411	US	NC	23623
8	4488232	Roanoke Rapids	Roanoke Rapids	36.46154	-77.65415	US	NC	16299
8	4488587	Rockingham	Rockingham	34.93932	-79.77395	US	NC	9053
8	4490329	Sanford	Sanford	35.47988	-79.1803	US	NC	23473
8	4491180	Shelby	Shelby	35.29235	-81.53565	US	NC	23235
8	4493316	Statesville	Statesville	35.78264	-80.8873	US	NC	24709
8	4497666	Washington	Washington	35.54655	-77.05217	US	NC	9644
8	5688789	Dickinson	Dickinson	46.87918	-102.78962	US	ND	15576
8	5059836	Jamestown	Jamestown	46.91054	-98.70844	US	ND	15081
8	5692947	Williston	Williston	48.14697	-103.61797	US	ND	11971
8	5146055	Ashland	Ashland	40.86867	-82.31822	US	OH	21827
8	5146089	Ashtabula	Ashtabula	41.86505	-80.78981	US	OH	20027
8	4505542	Athens	Athens	39.32924	-82.10126	US	OH	23180
8	5146965	Bellefontaine	Bellefontaine	40.36116	-83.75966	US	OH	12958
8	5149007	Cambridge	Cambridge	40.03118	-81.58846	US	OH	11699
8	5149493	Celina	Celina	40.54894	-84.57023	US	OH	10282
8	4828890	Chillicothe	Chillicothe	39.33312	-82.9824	US	OH	22180
8	5151186	Coshocton	Coshocton	40.27202	-81.85958	US	OH	11687
8	5151613	Cuyahoga Falls	Cuyahoga Falls	41.13394	-81.48456	US	OH	51824
8	5151861	Defiance	Defiance	41.28449	-84.35578	US	OH	15926
8	5152243	Dover	Dover	40.52062	-81.47401	US	OH	12450
8	5153420	Euclid	Euclid	41.5931	-81.52679	US	OH	50123
8	5155207	Fremont	Fremont	41.35033	-83.12186	US	OH	17280
8	5156493	Greenville	Greenville	40.10283	-84.63301	US	OH	13250
8	4515843	Kettering	Kettering	39.6895	-84.16883	US	OH	55880
8	5162097	Massillon	Massillon	40.79672	-81.52151	US	OH	31526
8	5163799	Mount Vernon	Mount Vernon	40.3934	-82.48572	US	OH	16965
8	5164390	New Philadelphia	New Philadelphia	40.48979	-81.44567	US	OH	17472
8	5166177	Parma	Parma	41.40477	-81.72291	US	OH	82565
8	5166819	Piqua	Piqua	40.14477	-84.24244	US	OH	20731
8	4521816	Portsmouth	Portsmouth	38.73174	-82.99767	US	OH	20909
8	5170511	Salem	Salem	40.90089	-80.85675	US	OH	11779
8	5173048	Steubenville	Steubenville	40.36979	-80.63396	US	OH	19312
8	5173930	Tiffin	Tiffin	41.1145	-83.17797	US	OH	17013
8	5174358	Troy	Troy	40.0395	-84.20328	US	OH	22336
8	5175865	Warren	Warren	41.23756	-80.81842	US	OH	45475
8	5177358	Wooster	Wooster	40.80506	-81.93514	US	OH	25725
8	4529096	Ada	Ada	34.77453	-96.67834	US	OK	16144
8	4529292	Altus	Altus	34.63813	-99.33398	US	OK	20278
8	4529469	Ardmore	Ardmore	34.17426	-97.14363	US	OK	23975
8	4533029	Chickasha	Chickasha	35.05256	-97.93643	US	OK	16772
8	4535389	Duncan	Duncan	34.5023	-97.95781	US	OK	21788
8	4535823	Elk City	Elk City	35.41199	-99.40426	US	OK	10522
8	4542367	McAlester	McAlester	34.93343	-95.76971	US	OK	18120
8	4542692	Miami	Miami	36.87451	-94.87746	US	OK	13336
8	4556050	Woodward	Woodward	36.43365	-99.39039	US	OK	11748
8	5720495	Coos Bay	Coos Bay	43.3665	-124.21789	US	OR	15394
8	5729080	Grants Pass	Grants Pass	42.43901	-123.32839	US	OR	27191
8	5735238	Klamath Falls	Klamath Falls	42.22487	-121.78167	US	OR	19203
8	5744166	Ontario	Ontario	44.02655	-116.96294	US	OR	10969
8	5745380	Pendleton	Pendleton	45.67208	-118.7886	US	OR	16539
8	5749352	Roseburg	Roseburg	43.2165	-123.34174	US	OR	20430
8	5756304	The Dalles	The Dalles	45.59456	-121.17868	US	OR	11514
8	5180934	Bloomsburg	Bloomsburg	41.0037	-76.45495	US	PA	12943
8	5181407	Bradford	Bradford	41.9559	-78.64392	US	PA	8611
8	5182534	Butler	Butler	40.86118	-79.89533	US	PA	14569
8	5183234	Carlisle	Carlisle	40.20148	-77.18887	US	PA	18204
8	4557109	Chambersburg	Chambersburg	39.93759	-77.6611	US	PA	17884
8	5184541	Clearfield	Clearfield	41.02728	-78.43919	US	PA	6631
8	5185237	Connellsville	Connellsville	40.01785	-79.58948	US	PA	8570
8	5187432	Du Bois	Du Bois	41.11923	-78.76003	US	PA	8123
8	5190323	Franklin	Franklin	41.39784	-79.83144	US	PA	7212
8	4558475	Hanover	Hanover	39.80066	-76.98304	US	PA	15036
8	5193011	Hazleton	Hazleton	40.95842	-75.97465	US	PA	21961
8	5194868	Indiana	Indiana	40.62146	-79.15253	US	PA	14357
8	5195561	Johnstown	Johnstown	40.32674	-78.92197	US	PA	22357
8	5197227	Latrobe	Latrobe	40.32118	-79.37948	US	PA	8592
8	5197517	Lebanon	Lebanon	40.34093	-76.41135	US	PA	23581
8	5197850	Lewistown	Lewistown	40.59924	-77.57138	US	PA	8998
8	5200644	Meadville	Meadville	41.64144	-80.15145	US	PA	13225
8	5201734	Monroeville	Monroeville	40.42118	-79.7881	US	PA	29349
8	5204278	Oil City	Oil City	41.43395	-79.70644	US	PA	10891
8	5207080	Pottsville	Pottsville	40.68565	-76.1955	US	PA	14631
8	5211622	Shamokin	Shamokin	40.78897	-76.55885	US	PA	7546
8	5211683	Sharon	Sharon	41.23311	-80.4934	US	PA	15415
8	5214543	Stroudsburg	Stroudsburg	40.98676	-75.19462	US	PA	6359
8	5214814	Sunbury	Sunbury	40.86259	-76.79441	US	PA	10084
8	4561859	Uniontown	Uniontown	39.90008	-79.71643	US	PA	11878
8	5218023	Warren	Warren	41.84395	-79.14504	US	PA	9569
8	5218069	Washington	Washington	40.17396	-80.24617	US	PA	14637
8	4580569	Greenwood	Greenwood	34.1954	-82.16179	US	SC	22316
8	4588718	Myrtle Beach	Myrtle Beach	33.68906	-78.88669	US	SC	25310
8	4590184	Orangeburg	Orangeburg	33.49182	-80.85565	US	SC	12913
8	5225857	Aberdeen	Aberdeen	45.4647	-98.48648	US	SD	23667
8	5228673	Huron	Huron	44.36332	-98.21426	US	SD	11026
8	5229794	Mitchell	Mitchell	43.70943	-98.0298	US	SD	14741
8	5232741	Watertown	Watertown	44.89941	-97.11507	US	SD	20185
8	5233053	Yankton	Yankton	42.87111	-97.39728	US	SD	13410
8	4603284	Athens	Athens	35.44285	-84.59299	US	TN	13900
8	4604183	Bartlett	Bartlett	35.20453	-89.87398	US	TN	43264
8	4608657	Bristol	Bristol	36.59511	-82.18874	US	TN	25110
8	4615145	Cookeville	Cookeville	36.16284	-85.50164	US	TN	28668
8	4619800	Dyersburg	Dyersburg	36.03452	-89.38563	US	TN	17329
8	4624601	Germantown	Germantown	35.08676	-89.81009	US	TN	37361
8	4626334	Greeneville	Greeneville	36.16316	-82.83099	US	TN	15207
8	4636045	Lebanon	Lebanon	36.20811	-86.2911	US	TN	22370
8	4647963	Paris	Paris	36.302	-88.32671	US	TN	9587
8	4664170	Union City	Union City	36.42423	-89.05701	US	TN	10732
8	4829307	Bay City	Bay City	28.98276	-95.9694	US	TX	18663
8	5517469	Borger	Borger	35.66782	-101.39739	US	TX	13408
8	4676798	Brownwood	Brownwood	31.70932	-98.99116	US	TX	19534
8	4683244	Copperas Cove	Copperas Cove	31.12406	-97.90308	US	TX	30546
8	4683462	Corsicana	Corsicana	32.09543	-96.46887	US	TX	26037
8	5520677	Eagle Pass	Eagle Pass	28.70914	-100.49952	US	TX	26090
8	4692355	Freeport	Freeport	28.95414	-95.35966	US	TX	12632
8	4695066	Greenville	Greenville	33.13845	-96.11081	US	TX	25382
8	4700550	Jacksonville	Jacksonville	31.96378	-95.2705	US	TX	13943
8	4703078	Kerrville	Kerrville	30.04743	-99.14032	US	TX	21894
8	4709272	Marshall	Marshall	32.54487	-94.36742	US	TX	23882
8	4712933	Mount Pleasant	Mount Pleasant	33.15679	-94.96827	US	TX	14403
8	4717232	Palestine	Palestine	31.76212	-95.63079	US	TX	17930
8	5527953	Pampa	Pampa	35.53616	-100.95987	US	TX	16257
8	4718721	Pharr	Pharr	26.1948	-98.18362	US	TX	60687
8	5528450	Plainview	Plainview	34.18479	-101.70684	US	TX	21723
8	4736134	Texas City	Texas City	29.38384	-94.9027	US	TX	41521
8	4736476	The Woodlands	The Woodlands	30.15799	-95.48938	US	TX	75527
8	5781061	Sandy	Sandy City	40.57204	-111.86056	US	UT	85406
8	5783695	Tooele	Tooele	40.53078	-112.29828	US	UT	29851
8	5233500	Barre	Barre	44.19701	-72.50205	US	VT	9040
8	5233742	Bennington	Bennington	42.87813	-73.19677	US	VT	18272
8	5240509	Rutland	Rutland	43.61062	-72.97261	US	VT	17043
8	4744091	Alexandria	Alexandria	38.80484	-77.04692	US	VA	127273
8	4760059	Fredericksburg	Fredericksburg	38.30318	-77.46054	US	VA	20562
8	4771808	Martinsville	Martinsville	36.69153	-79.87254	US	VA	14874
8	4787440	Staunton	Staunton	38.14958	-79.0717	US	VA	24040
8	4792522	Waynesboro	Waynesboro	38.06847	-78.88947	US	VA	20904
8	4794120	Winchester	Winchester	39.18566	-78.16333	US	VA	24895
8	5785243	Aberdeen	Aberdeen	46.97537	-123.81572	US	WA	16055
8	5789683	Centralia	Centralia	46.71621	-122.9543	US	WA	15107
8	5802570	Marysville	Marysville	48.05176	-122.17708	US	WA	29824
8	5807212	Port Angeles	Port Angeles	48.11815	-123.43074	US	WA	18397
8	4798308	Beckley	Beckley	37.77817	-81.18816	US	WV	16880
8	4799622	Bluefield	Bluefield	37.26984	-81.22232	US	WV	10945
8	4802316	Clarksburg	Clarksburg	39.28065	-80.34453	US	WV	16232
8	4805033	Elkins	Elkins	38.92594	-79.84673	US	WV	6959
8	4813878	Martinsburg	Martinsburg	39.45621	-77.96389	US	WV	15616
8	5244010	Antigo	Antigo	45.14024	-89.15234	US	WI	8198
8	5245193	Beaver Dam	Beaver Dam	43.45777	-88.83733	US	WI	14856
8	5261852	Marinette	Marinette	45.09998	-87.63066	US	WI	11171
8	5261969	Marshfield	Marshfield	44.66885	-90.1718	US	WI	18670
8	5268720	Rhinelander	Rhinelander	45.63662	-89.41208	US	WI	7783
8	5274644	Stevens Point	Stevens Point	44.52358	-89.57456	US	WI	24408
8	5275191	Superior	Superior	46.72077	-92.10408	US	WI	27368
8	5278005	Watertown	Watertown	43.19472	-88.72899	US	WI	23323
8	5278052	Waukesha	Waukesha	43.01168	-88.23148	US	WI	68112
8	5279436	Wisconsin Rapids	Wisconsin Rapids	44.38358	-89.81735	US	WI	17724
8	5821593	Cody	Cody	44.52634	-109.05653	US	WY	9161
8	5826027	Gillette	Gillette	44.29109	-105.50222	US	WY	23101
8	5836665	Riverton	Riverton	43.02496	-108.3801	US	WY	9192
8	5836898	Rock Springs	Rock Springs	41.58746	-109.2029	US	WY	18226
8	5838198	Sheridan	Sheridan	44.79719	-106.95618	US	WY	16154
